FileName,Label,ClassName
C:\Users\Ramzan\Documents\Self Supervised Learning\dataset\flowers\daisy\5874818796_3efbb8769d.jpg,0,daisy
C:\Users\Ramzan\Documents\Self Supervised Learning\dataset\flowers\daisy\34518374242_310e7abd54_n.jpg,0,daisy
C:\Users\Ramzan\Documents\Self Supervised Learning\dataset\flowers\daisy\18195689904_46619b7e16_n.jpg,0,daisy
C:\Users\Ramzan\Documents\Self Supervised Learning\dataset\flowers\daisy\33837577463_1ae52a3726_n.jpg,0,daisy
C:\Users\Ramzan\Documents\Self Supervised Learning\dataset\flowers\daisy\6148728633_27afc47b0c_m.jpg,0,daisy
C:\Users\Ramzan\Documents\Self Supervised Learning\dataset\flowers\daisy\6480809771_b1e14c5cc2_m.jpg,0,daisy
C:\Users\Ramzan\Documents\Self Supervised Learning\dataset\flowers\daisy\34571214621_f655295459_n.jpg,0,daisy
C:\Users\Ramzan\Documents\Self Supervised Learning\dataset\flowers\daisy\4820415253_15bc3b6833_n.jpg,0,daisy
C:\Users\Ramzan\Documents\Self Supervised Learning\dataset\flowers\daisy\2666572212_2caca8de9f_n.jpg,0,daisy
C:\Users\Ramzan\Documents\Self Supervised Learning\dataset\flowers\daisy\34486116262_411e6991f4_n.jpg,0,daisy
C:\Users\Ramzan\Documents\Self Supervised Learning\dataset\flowers\daisy\2481823240_eab0d86921.jpg,0,daisy
C:\Users\Ramzan\Documents\Self Supervised Learning\dataset\flowers\daisy\15784493690_b1858cdb2b_n.jpg,0,daisy
C:\Users\Ramzan\Documents\Self Supervised Learning\dataset\flowers\daisy\3491933306_43cfe2cfbe.jpg,0,daisy
C:\Users\Ramzan\Documents\Self Supervised Learning\dataset\flowers\daisy\8742143296_fed9fa007c.jpg,0,daisy
C:\Users\Ramzan\Documents\Self Supervised Learning\dataset\flowers\daisy\33839388103_79cb79f7bc_n.jpg,0,daisy
C:\Users\Ramzan\Documents\Self Supervised Learning\dataset\flowers\daisy\6208851904_9d916ebb32_n.jpg,0,daisy
C:\Users\Ramzan\Documents\Self Supervised Learning\dataset\flowers\daisy\5905504340_1d60fa9611_n.jpg,0,daisy
C:\Users\Ramzan\Documents\Self Supervised Learning\dataset\flowers\daisy\10555749515_13a12a026e.jpg,0,daisy
C:\Users\Ramzan\Documents\Self Supervised Learning\dataset\flowers\daisy\13901930939_a7733c03f0_n.jpg,0,daisy
C:\Users\Ramzan\Documents\Self Supervised Learning\dataset\flowers\daisy\3999978867_c67c79597f_m.jpg,0,daisy
C:\Users\Ramzan\Documents\Self Supervised Learning\dataset\flowers\daisy\14307766919_fac3c37a6b_m.jpg,0,daisy
C:\Users\Ramzan\Documents\Self Supervised Learning\dataset\flowers\daisy\6776075110_1ea7a09dd4_n.jpg,0,daisy
C:\Users\Ramzan\Documents\Self Supervised Learning\dataset\flowers\daisy\4561871220_47f420ca59_m.jpg,0,daisy
C:\Users\Ramzan\Documents\Self Supervised Learning\dataset\flowers\daisy\4333085242_bbeb3e2841_m.jpg,0,daisy
C:\Users\Ramzan\Documents\Self Supervised Learning\dataset\flowers\daisy\171972704_389cf7a953.jpg,0,daisy
C:\Users\Ramzan\Documents\Self Supervised Learning\dataset\flowers\daisy\7669550908_bc5a11276f_n.jpg,0,daisy
C:\Users\Ramzan\Documents\Self Supervised Learning\dataset\flowers\daisy\33887503434_a2762228f4_n.jpg,0,daisy
C:\Users\Ramzan\Documents\Self Supervised Learning\dataset\flowers\daisy\3494265422_9dba8f2191_n.jpg,0,daisy
C:\Users\Ramzan\Documents\Self Supervised Learning\dataset\flowers\daisy\34693373736_9ce6d9e1c3_n.jpg,0,daisy
C:\Users\Ramzan\Documents\Self Supervised Learning\dataset\flowers\daisy\2520369272_1dcdb5a892_m.jpg,0,daisy
C:\Users\Ramzan\Documents\Self Supervised Learning\dataset\flowers\daisy\5632774792_0fa33d17eb_n.jpg,0,daisy
C:\Users\Ramzan\Documents\Self Supervised Learning\dataset\flowers\daisy\2599662355_7782218c83.jpg,0,daisy
C:\Users\Ramzan\Documents\Self Supervised Learning\dataset\flowers\daisy\3474942718_c418dae6f1.jpg,0,daisy
C:\Users\Ramzan\Documents\Self Supervised Learning\dataset\flowers\daisy\20329326505_a777c71cc2.jpg,0,daisy
C:\Users\Ramzan\Documents\Self Supervised Learning\dataset\flowers\daisy\6054952060_c88612f3c5_n.jpg,0,daisy
C:\Users\Ramzan\Documents\Self Supervised Learning\dataset\flowers\daisy\34275662120_7757a15d07_n.jpg,0,daisy
C:\Users\Ramzan\Documents\Self Supervised Learning\dataset\flowers\daisy\5948835387_5a98d39eff_m.jpg,0,daisy
C:\Users\Ramzan\Documents\Self Supervised Learning\dataset\flowers\daisy\34326847400_f4de801005_n.jpg,0,daisy
C:\Users\Ramzan\Documents\Self Supervised Learning\dataset\flowers\daisy\2077865117_9ed85191ae_n.jpg,0,daisy
C:\Users\Ramzan\Documents\Self Supervised Learning\dataset\flowers\daisy\4440480869_632ce6aff3_n.jpg,0,daisy
C:\Users\Ramzan\Documents\Self Supervised Learning\dataset\flowers\daisy\14219214466_3ca6104eae_m.jpg,0,daisy
C:\Users\Ramzan\Documents\Self Supervised Learning\dataset\flowers\daisy\34638378196_216d5bbc2e_n.jpg,0,daisy
C:\Users\Ramzan\Documents\Self Supervised Learning\dataset\flowers\daisy\12601254324_3cb62c254a_m.jpg,0,daisy
C:\Users\Ramzan\Documents\Self Supervised Learning\dataset\flowers\daisy\20948886919_cac7844f34_n.jpg,0,daisy
C:\Users\Ramzan\Documents\Self Supervised Learning\dataset\flowers\daisy\4581199679_867652c3f1_n.jpg,0,daisy
C:\Users\Ramzan\Documents\Self Supervised Learning\dataset\flowers\daisy\2001380507_19488ff96a_n.jpg,0,daisy
C:\Users\Ramzan\Documents\Self Supervised Learning\dataset\flowers\daisy\3611577717_f3a7a8c416_n.jpg,0,daisy
C:\Users\Ramzan\Documents\Self Supervised Learning\dataset\flowers\daisy\8740807508_0587f5b7b7.jpg,0,daisy
C:\Users\Ramzan\Documents\Self Supervised Learning\dataset\flowers\daisy\2513618768_ff7c004796_m.jpg,0,daisy
C:\Users\Ramzan\Documents\Self Supervised Learning\dataset\flowers\daisy\34718882165_68cdc9def9_n.jpg,0,daisy
C:\Users\Ramzan\Documents\Self Supervised Learning\dataset\flowers\daisy\3415180846_d7b5cced14_m.jpg,0,daisy
C:\Users\Ramzan\Documents\Self Supervised Learning\dataset\flowers\daisy\7630520686_e3a61ac763.jpg,0,daisy
C:\Users\Ramzan\Documents\Self Supervised Learning\dataset\flowers\daisy\525271784_013ddccd1b_m.jpg,0,daisy
C:\Users\Ramzan\Documents\Self Supervised Learning\dataset\flowers\daisy\1285423653_18926dc2c8_n.jpg,0,daisy
C:\Users\Ramzan\Documents\Self Supervised Learning\dataset\flowers\daisy\8708143485_38d084ac8c_n.jpg,0,daisy
C:\Users\Ramzan\Documents\Self Supervised Learning\dataset\flowers\daisy\7633425046_8293e3d0e9_m.jpg,0,daisy
C:\Users\Ramzan\Documents\Self Supervised Learning\dataset\flowers\daisy\33858238653_6549e21f53_n.jpg,0,daisy
C:\Users\Ramzan\Documents\Self Supervised Learning\dataset\flowers\daisy\34658035045_7782e95b50_n.jpg,0,daisy
C:\Users\Ramzan\Documents\Self Supervised Learning\dataset\flowers\daisy\34664107325_701d5c6f08_n.jpg,0,daisy
C:\Users\Ramzan\Documents\Self Supervised Learning\dataset\flowers\daisy\9515186037_3be48fe68f.jpg,0,daisy
C:\Users\Ramzan\Documents\Self Supervised Learning\dataset\flowers\daisy\34310869690_56cdc84a17_n.jpg,0,daisy
C:\Users\Ramzan\Documents\Self Supervised Learning\dataset\flowers\daisy\8382667241_0f046cecdb_n.jpg,0,daisy
C:\Users\Ramzan\Documents\Self Supervised Learning\dataset\flowers\daisy\10437929963_bc13eebe0c.jpg,0,daisy
C:\Users\Ramzan\Documents\Self Supervised Learning\dataset\flowers\daisy\813445367_187ecf080a_n.jpg,0,daisy
C:\Users\Ramzan\Documents\Self Supervised Learning\dataset\flowers\daisy\34701078235_4a770d14a1_n.jpg,0,daisy
C:\Users\Ramzan\Documents\Self Supervised Learning\dataset\flowers\daisy\9120905231_329598304e.jpg,0,daisy
C:\Users\Ramzan\Documents\Self Supervised Learning\dataset\flowers\daisy\14354051035_1037b30421_n.jpg,0,daisy
C:\Users\Ramzan\Documents\Self Supervised Learning\dataset\flowers\daisy\16020253176_60f2a6a5ca_n.jpg,0,daisy
C:\Users\Ramzan\Documents\Self Supervised Learning\dataset\flowers\daisy\9225336602_e6c392f941_n.jpg,0,daisy
C:\Users\Ramzan\Documents\Self Supervised Learning\dataset\flowers\daisy\9221345475_67735dbf4f_n.jpg,0,daisy
C:\Users\Ramzan\Documents\Self Supervised Learning\dataset\flowers\dandelion\7270523166_b62fc9e5f1_m.jpg,1,dandelion
C:\Users\Ramzan\Documents\Self Supervised Learning\dataset\flowers\dandelion\8805314187_1aed702082_n.jpg,1,dandelion
C:\Users\Ramzan\Documents\Self Supervised Learning\dataset\flowers\dandelion\8720503800_cab5c62a34.jpg,1,dandelion
C:\Users\Ramzan\Documents\Self Supervised Learning\dataset\flowers\dandelion\19397467530_1e8131a7cf.jpg,1,dandelion
C:\Users\Ramzan\Documents\Self Supervised Learning\dataset\flowers\dandelion\13920113_f03e867ea7_m.jpg,1,dandelion
C:\Users\Ramzan\Documents\Self Supervised Learning\dataset\flowers\dandelion\8756906129_b05a1b26f2.jpg,1,dandelion
C:\Users\Ramzan\Documents\Self Supervised Learning\dataset\flowers\dandelion\3513200808_390f1d63a7_m.jpg,1,dandelion
C:\Users\Ramzan\Documents\Self Supervised Learning\dataset\flowers\dandelion\501987288_c69c4e0c90_m.jpg,1,dandelion
C:\Users\Ramzan\Documents\Self Supervised Learning\dataset\flowers\dandelion\19613308325_a67792d889.jpg,1,dandelion
C:\Users\Ramzan\Documents\Self Supervised Learning\dataset\flowers\dandelion\17574213074_f5416afd84.jpg,1,dandelion
C:\Users\Ramzan\Documents\Self Supervised Learning\dataset\flowers\dandelion\8966818334_483f4489be_n.jpg,1,dandelion
C:\Users\Ramzan\Documents\Self Supervised Learning\dataset\flowers\dandelion\2622697182_ea4aff29dd_n.jpg,1,dandelion
C:\Users\Ramzan\Documents\Self Supervised Learning\dataset\flowers\dandelion\2470874500_43d8011e75.jpg,1,dandelion
C:\Users\Ramzan\Documents\Self Supervised Learning\dataset\flowers\dandelion\16241101274_334b54731e.jpg,1,dandelion
C:\Users\Ramzan\Documents\Self Supervised Learning\dataset\flowers\dandelion\13910677675_4900fa3dbf_n.jpg,1,dandelion
C:\Users\Ramzan\Documents\Self Supervised Learning\dataset\flowers\dandelion\34690479536_69da7b98e7_n.jpg,1,dandelion
C:\Users\Ramzan\Documents\Self Supervised Learning\dataset\flowers\dandelion\5600240736_4a90c10579_n.jpg,1,dandelion
C:\Users\Ramzan\Documents\Self Supervised Learning\dataset\flowers\dandelion\16096748028_7876887ab2.jpg,1,dandelion
C:\Users\Ramzan\Documents\Self Supervised Learning\dataset\flowers\dandelion\16699732794_5bfd639cf8_n.jpg,1,dandelion
C:\Users\Ramzan\Documents\Self Supervised Learning\dataset\flowers\dandelion\4574737576_044403a997_n.jpg,1,dandelion
C:\Users\Ramzan\Documents\Self Supervised Learning\dataset\flowers\dandelion\2535769822_513be6bbe9.jpg,1,dandelion
C:\Users\Ramzan\Documents\Self Supervised Learning\dataset\flowers\dandelion\7368435774_0045b9dc4e.jpg,1,dandelion
C:\Users\Ramzan\Documents\Self Supervised Learning\dataset\flowers\dandelion\4530848609_02a1d9b791.jpg,1,dandelion
C:\Users\Ramzan\Documents\Self Supervised Learning\dataset\flowers\dandelion\2330339852_fbbdeb7306_n.jpg,1,dandelion
C:\Users\Ramzan\Documents\Self Supervised Learning\dataset\flowers\dandelion\2512148749_261fa9d156.jpg,1,dandelion
C:\Users\Ramzan\Documents\Self Supervised Learning\dataset\flowers\dandelion\8181477_8cb77d2e0f_n.jpg,1,dandelion
C:\Users\Ramzan\Documents\Self Supervised Learning\dataset\flowers\dandelion\14283011_3e7452c5b2_n.jpg,1,dandelion
C:\Users\Ramzan\Documents\Self Supervised Learning\dataset\flowers\dandelion\5605502523_05acb00ae7_n.jpg,1,dandelion
C:\Users\Ramzan\Documents\Self Supervised Learning\dataset\flowers\dandelion\425800274_27dba84fac_n.jpg,1,dandelion
C:\Users\Ramzan\Documents\Self Supervised Learning\dataset\flowers\dandelion\501987276_744448580c_m.jpg,1,dandelion
C:\Users\Ramzan\Documents\Self Supervised Learning\dataset\flowers\dandelion\17047385027_8fd510e164_n.jpg,1,dandelion
C:\Users\Ramzan\Documents\Self Supervised Learning\dataset\flowers\dandelion\2697283969_c1f9cbb936.jpg,1,dandelion
C:\Users\Ramzan\Documents\Self Supervised Learning\dataset\flowers\dandelion\18479635994_83f93f4120.jpg,1,dandelion
C:\Users\Ramzan\Documents\Self Supervised Learning\dataset\flowers\dandelion\7280217714_fb9ffccf2d_n.jpg,1,dandelion
C:\Users\Ramzan\Documents\Self Supervised Learning\dataset\flowers\dandelion\3589816063_50f8de7b64_m.jpg,1,dandelion
C:\Users\Ramzan\Documents\Self Supervised Learning\dataset\flowers\dandelion\14368895004_c486a29c1e_n.jpg,1,dandelion
C:\Users\Ramzan\Documents\Self Supervised Learning\dataset\flowers\dandelion\7132677385_bcbdcc6001.jpg,1,dandelion
C:\Users\Ramzan\Documents\Self Supervised Learning\dataset\flowers\dandelion\33886917763_2db539f182_n.jpg,1,dandelion
C:\Users\Ramzan\Documents\Self Supervised Learning\dataset\flowers\dandelion\7280227122_7ea2bef7f4_n.jpg,1,dandelion
C:\Users\Ramzan\Documents\Self Supervised Learning\dataset\flowers\dandelion\14053397367_75cba846eb_n.jpg,1,dandelion
C:\Users\Ramzan\Documents\Self Supervised Learning\dataset\flowers\dandelion\5670543216_8c4cb0caa8_m.jpg,1,dandelion
C:\Users\Ramzan\Documents\Self Supervised Learning\dataset\flowers\dandelion\1426682852_e62169221f_m.jpg,1,dandelion
C:\Users\Ramzan\Documents\Self Supervised Learning\dataset\flowers\dandelion\16766166609_ccb8344c9f_m.jpg,1,dandelion
C:\Users\Ramzan\Documents\Self Supervised Learning\dataset\flowers\dandelion\8797114213_103535743c_m.jpg,1,dandelion
C:\Users\Ramzan\Documents\Self Supervised Learning\dataset\flowers\dandelion\5596093561_09b0301136_n.jpg,1,dandelion
C:\Users\Ramzan\Documents\Self Supervised Learning\dataset\flowers\dandelion\8681388520_c697dee897_n.jpg,1,dandelion
C:\Users\Ramzan\Documents\Self Supervised Learning\dataset\flowers\dandelion\16656127943_2f70926b6c.jpg,1,dandelion
C:\Users\Ramzan\Documents\Self Supervised Learning\dataset\flowers\dandelion\18271576032_d7e2296de4_n.jpg,1,dandelion
C:\Users\Ramzan\Documents\Self Supervised Learning\dataset\flowers\dandelion\9188647508_3b56e62f69.jpg,1,dandelion
C:\Users\Ramzan\Documents\Self Supervised Learning\dataset\flowers\dandelion\3696596109_4c4419128a_m.jpg,1,dandelion
C:\Users\Ramzan\Documents\Self Supervised Learning\dataset\flowers\dandelion\13887031789_97437f246b.jpg,1,dandelion
C:\Users\Ramzan\Documents\Self Supervised Learning\dataset\flowers\dandelion\15819121091_26a5243340_n.jpg,1,dandelion
C:\Users\Ramzan\Documents\Self Supervised Learning\dataset\flowers\dandelion\19551343954_83bb52f310_m.jpg,1,dandelion
C:\Users\Ramzan\Documents\Self Supervised Learning\dataset\flowers\dandelion\15123503538_8ee984abc6.jpg,1,dandelion
C:\Users\Ramzan\Documents\Self Supervised Learning\dataset\flowers\dandelion\5109496141_8dcf673d43_n.jpg,1,dandelion
C:\Users\Ramzan\Documents\Self Supervised Learning\dataset\flowers\dandelion\3591588855_b4fd53b000.jpg,1,dandelion
C:\Users\Ramzan\Documents\Self Supervised Learning\dataset\flowers\dandelion\4254850910_0610224342_n.jpg,1,dandelion
C:\Users\Ramzan\Documents\Self Supervised Learning\dataset\flowers\dandelion\10437652486_aa86c14985.jpg,1,dandelion
C:\Users\Ramzan\Documents\Self Supervised Learning\dataset\flowers\dandelion\6012046444_fd80afb63a_n.jpg,1,dandelion
C:\Users\Ramzan\Documents\Self Supervised Learning\dataset\flowers\dandelion\158988663_6fe055fcb4.jpg,1,dandelion
C:\Users\Ramzan\Documents\Self Supervised Learning\dataset\flowers\dandelion\645330051_06b192b7e1.jpg,1,dandelion
C:\Users\Ramzan\Documents\Self Supervised Learning\dataset\flowers\dandelion\14335561523_f847f2f4f1.jpg,1,dandelion
C:\Users\Ramzan\Documents\Self Supervised Learning\dataset\flowers\dandelion\4607183665_3472643bc8.jpg,1,dandelion
C:\Users\Ramzan\Documents\Self Supervised Learning\dataset\flowers\dandelion\6994933428_307b092ce7_m.jpg,1,dandelion
C:\Users\Ramzan\Documents\Self Supervised Learning\dataset\flowers\dandelion\7153497513_076486e26b_n.jpg,1,dandelion
C:\Users\Ramzan\Documents\Self Supervised Learning\dataset\flowers\dandelion\4571681134_b605a61547_n.jpg,1,dandelion
C:\Users\Ramzan\Documents\Self Supervised Learning\dataset\flowers\dandelion\29535628436_2e79a9628d_n.jpg,1,dandelion
C:\Users\Ramzan\Documents\Self Supervised Learning\dataset\flowers\dandelion\8980145452_efbd6e3b04.jpg,1,dandelion
C:\Users\Ramzan\Documents\Self Supervised Learning\dataset\flowers\dandelion\151979452_9832f08b69.jpg,1,dandelion
C:\Users\Ramzan\Documents\Self Supervised Learning\dataset\flowers\dandelion\32120685303_90b5f21ab2_n.jpg,1,dandelion
C:\Users\Ramzan\Documents\Self Supervised Learning\dataset\flowers\dandelion\2453532367_fc373df4de.jpg,1,dandelion
C:\Users\Ramzan\Documents\Self Supervised Learning\dataset\flowers\dandelion\14093744313_b66bc95072.jpg,1,dandelion
C:\Users\Ramzan\Documents\Self Supervised Learning\dataset\flowers\dandelion\4489359360_09db62f825.jpg,1,dandelion
C:\Users\Ramzan\Documents\Self Supervised Learning\dataset\flowers\dandelion\33199895303_9858f0a258_n.jpg,1,dandelion
C:\Users\Ramzan\Documents\Self Supervised Learning\dataset\flowers\dandelion\2516714633_87f28f0314.jpg,1,dandelion
C:\Users\Ramzan\Documents\Self Supervised Learning\dataset\flowers\dandelion\8497389500_45636fdd14.jpg,1,dandelion
C:\Users\Ramzan\Documents\Self Supervised Learning\dataset\flowers\dandelion\34338412180_a1f4faa1e7_n.jpg,1,dandelion
C:\Users\Ramzan\Documents\Self Supervised Learning\dataset\flowers\dandelion\2443192475_c64c66d9c2.jpg,1,dandelion
C:\Users\Ramzan\Documents\Self Supervised Learning\dataset\flowers\dandelion\1080179756_5f05350a59.jpg,1,dandelion
C:\Users\Ramzan\Documents\Self Supervised Learning\dataset\flowers\dandelion\18204150090_fb418bbddb.jpg,1,dandelion
C:\Users\Ramzan\Documents\Self Supervised Learning\dataset\flowers\dandelion\2401343175_d2a892cf25_n.jpg,1,dandelion
C:\Users\Ramzan\Documents\Self Supervised Learning\dataset\flowers\dandelion\1443259657_2704fab26e_n.jpg,1,dandelion
C:\Users\Ramzan\Documents\Self Supervised Learning\dataset\flowers\dandelion\2457473644_5242844e52_m.jpg,1,dandelion
C:\Users\Ramzan\Documents\Self Supervised Learning\dataset\flowers\dandelion\33859759654_be0be6f876_n.jpg,1,dandelion
C:\Users\Ramzan\Documents\Self Supervised Learning\dataset\flowers\dandelion\7998106328_c3953f70e9_n.jpg,1,dandelion
C:\Users\Ramzan\Documents\Self Supervised Learning\dataset\flowers\dandelion\18803577858_fd0036e1f5_m.jpg,1,dandelion
C:\Users\Ramzan\Documents\Self Supervised Learning\dataset\flowers\dandelion\7196683612_6c4cf05b24.jpg,1,dandelion
C:\Users\Ramzan\Documents\Self Supervised Learning\dataset\flowers\dandelion\4629844753_4e02015d29_m.jpg,1,dandelion
C:\Users\Ramzan\Documents\Self Supervised Learning\dataset\flowers\dandelion\7291185504_b740bbeba4_m.jpg,1,dandelion
C:\Users\Ramzan\Documents\Self Supervised Learning\dataset\flowers\dandelion\18282528206_7fb3166041.jpg,1,dandelion
C:\Users\Ramzan\Documents\Self Supervised Learning\dataset\flowers\dandelion\3844111216_742ea491a0.jpg,1,dandelion
C:\Users\Ramzan\Documents\Self Supervised Learning\dataset\flowers\dandelion\8719388716_1a392c4c0e_n.jpg,1,dandelion
C:\Users\Ramzan\Documents\Self Supervised Learning\dataset\flowers\dandelion\13734221225_0e04edc6b6.jpg,1,dandelion
C:\Users\Ramzan\Documents\Self Supervised Learning\dataset\flowers\dandelion\284497199_93a01f48f6.jpg,1,dandelion
C:\Users\Ramzan\Documents\Self Supervised Learning\dataset\flowers\dandelion\19599413676_fc9ee2640e.jpg,1,dandelion
C:\Users\Ramzan\Documents\Self Supervised Learning\dataset\flowers\dandelion\8717161615_4c1e403083.jpg,1,dandelion
C:\Users\Ramzan\Documents\Self Supervised Learning\dataset\flowers\dandelion\4496277750_8c34256e28.jpg,1,dandelion
C:\Users\Ramzan\Documents\Self Supervised Learning\dataset\flowers\dandelion\2465573725_d78caca9d4_n.jpg,1,dandelion
C:\Users\Ramzan\Documents\Self Supervised Learning\dataset\flowers\dandelion\5140791232_52f2c5b41d_n.jpg,1,dandelion
C:\Users\Ramzan\Documents\Self Supervised Learning\dataset\flowers\rose\459042023_6273adc312_n.jpg,2,rose
C:\Users\Ramzan\Documents\Self Supervised Learning\dataset\flowers\rose\15996816031_7f2fea25cb_n.jpg,2,rose
C:\Users\Ramzan\Documents\Self Supervised Learning\dataset\flowers\rose\2607130050_9c34310004.jpg,2,rose
C:\Users\Ramzan\Documents\Self Supervised Learning\dataset\flowers\rose\394990940_7af082cf8d_n.jpg,2,rose
C:\Users\Ramzan\Documents\Self Supervised Learning\dataset\flowers\rose\18464080946_a624ce6376_n.jpg,2,rose
C:\Users\Ramzan\Documents\Self Supervised Learning\dataset\flowers\rose\10894627425_ec76bbc757_n.jpg,2,rose
C:\Users\Ramzan\Documents\Self Supervised Learning\dataset\flowers\rose\2536282942_b5ca27577e.jpg,2,rose
C:\Users\Ramzan\Documents\Self Supervised Learning\dataset\flowers\rose\17302463621_d82be11f01_n.jpg,2,rose
C:\Users\Ramzan\Documents\Self Supervised Learning\dataset\flowers\rose\323872063_7264e7e018_m.jpg,2,rose
C:\Users\Ramzan\Documents\Self Supervised Learning\dataset\flowers\rose\4702438868_278b9cf41c_n.jpg,2,rose
C:\Users\Ramzan\Documents\Self Supervised Learning\dataset\flowers\rose\15681454551_b6f73ce443_n.jpg,2,rose
C:\Users\Ramzan\Documents\Self Supervised Learning\dataset\flowers\rose\850416050_31b3ff7086.jpg,2,rose
C:\Users\Ramzan\Documents\Self Supervised Learning\dataset\flowers\rose\4754734410_94d98463a5.jpg,2,rose
C:\Users\Ramzan\Documents\Self Supervised Learning\dataset\flowers\rose\5693502877_41c11295b6_n.jpg,2,rose
C:\Users\Ramzan\Documents\Self Supervised Learning\dataset\flowers\rose\17090993740_fcc8b60b81.jpg,2,rose
C:\Users\Ramzan\Documents\Self Supervised Learning\dataset\flowers\rose\7470985688_c1ee9105fa_n.jpg,2,rose
C:\Users\Ramzan\Documents\Self Supervised Learning\dataset\flowers\rose\15822837396_96b392fda8_m.jpg,2,rose
C:\Users\Ramzan\Documents\Self Supervised Learning\dataset\flowers\rose\5863698305_04a4277401_n.jpg,2,rose
C:\Users\Ramzan\Documents\Self Supervised Learning\dataset\flowers\rose\5349861432_96137002c4_n.jpg,2,rose
C:\Users\Ramzan\Documents\Self Supervised Learning\dataset\flowers\rose\4588034197_e300b0872a_n.jpg,2,rose
C:\Users\Ramzan\Documents\Self Supervised Learning\dataset\flowers\rose\21413573151_e681c6a97a.jpg,2,rose
C:\Users\Ramzan\Documents\Self Supervised Learning\dataset\flowers\rose\4713533500_fcc295de70_n.jpg,2,rose
C:\Users\Ramzan\Documents\Self Supervised Learning\dataset\flowers\rose\16152205512_9d6cb80fb6.jpg,2,rose
C:\Users\Ramzan\Documents\Self Supervised Learning\dataset\flowers\rose\8642943283_47e44d049d_m.jpg,2,rose
C:\Users\Ramzan\Documents\Self Supervised Learning\dataset\flowers\rose\5336551122_2df8fee6da_n.jpg,2,rose
C:\Users\Ramzan\Documents\Self Supervised Learning\dataset\flowers\rose\4505921907_21c8002fde.jpg,2,rose
C:\Users\Ramzan\Documents\Self Supervised Learning\dataset\flowers\rose\8036594516_69a7da5f73_m.jpg,2,rose
C:\Users\Ramzan\Documents\Self Supervised Learning\dataset\flowers\rose\7455236056_b6d71a8dab.jpg,2,rose
C:\Users\Ramzan\Documents\Self Supervised Learning\dataset\flowers\rose\5002452834_167883dbcf_n.jpg,2,rose
C:\Users\Ramzan\Documents\Self Supervised Learning\dataset\flowers\rose\2888138918_402096c7fb.jpg,2,rose
C:\Users\Ramzan\Documents\Self Supervised Learning\dataset\flowers\rose\5001858821_731d128f20_n.jpg,2,rose
C:\Users\Ramzan\Documents\Self Supervised Learning\dataset\flowers\rose\18464075576_4e496e7d42_n.jpg,2,rose
C:\Users\Ramzan\Documents\Self Supervised Learning\dataset\flowers\rose\3556123230_936bf084a5_n.jpg,2,rose
C:\Users\Ramzan\Documents\Self Supervised Learning\dataset\flowers\rose\1793211631_68c31a74dc.jpg,2,rose
C:\Users\Ramzan\Documents\Self Supervised Learning\dataset\flowers\rose\13231224664_4af5293a37.jpg,2,rose
C:\Users\Ramzan\Documents\Self Supervised Learning\dataset\flowers\rose\3451177763_729a4d54af_n.jpg,2,rose
C:\Users\Ramzan\Documents\Self Supervised Learning\dataset\flowers\rose\9355706808_a9a723a8e8_n.jpg,2,rose
C:\Users\Ramzan\Documents\Self Supervised Learning\dataset\flowers\rose\3292434691_392071d702_n.jpg,2,rose
C:\Users\Ramzan\Documents\Self Supervised Learning\dataset\flowers\rose\7474126248_889a026929_n.jpg,2,rose
C:\Users\Ramzan\Documents\Self Supervised Learning\dataset\flowers\rose\7461878736_a55f749faf_n.jpg,2,rose
C:\Users\Ramzan\Documents\Self Supervised Learning\dataset\flowers\rose\16155980245_6ab8d7b888.jpg,2,rose
C:\Users\Ramzan\Documents\Self Supervised Learning\dataset\flowers\rose\6125332325_b768e08bd9_n.jpg,2,rose
C:\Users\Ramzan\Documents\Self Supervised Learning\dataset\flowers\rose\7471890786_aaff777641_n.jpg,2,rose
C:\Users\Ramzan\Documents\Self Supervised Learning\dataset\flowers\rose\4231745228_ece86330d9.jpg,2,rose
C:\Users\Ramzan\Documents\Self Supervised Learning\dataset\flowers\rose\16903172207_2cd7aca66a.jpg,2,rose
C:\Users\Ramzan\Documents\Self Supervised Learning\dataset\flowers\rose\4654893119_45d232016b.jpg,2,rose
C:\Users\Ramzan\Documents\Self Supervised Learning\dataset\flowers\rose\15190665092_5c1c37a066_m.jpg,2,rose
C:\Users\Ramzan\Documents\Self Supervised Learning\dataset\flowers\rose\7474126688_5f888ace5b_n.jpg,2,rose
C:\Users\Ramzan\Documents\Self Supervised Learning\dataset\flowers\rose\5002454522_300a419273_n.jpg,2,rose
C:\Users\Ramzan\Documents\Self Supervised Learning\dataset\flowers\rose\3475572132_01ae28e834_n.jpg,2,rose
C:\Users\Ramzan\Documents\Self Supervised Learning\dataset\flowers\rose\15859434664_67bf3ef29f.jpg,2,rose
C:\Users\Ramzan\Documents\Self Supervised Learning\dataset\flowers\rose\3550491463_3eb092054c_m.jpg,2,rose
C:\Users\Ramzan\Documents\Self Supervised Learning\dataset\flowers\rose\5148639829_781eb7d346.jpg,2,rose
C:\Users\Ramzan\Documents\Self Supervised Learning\dataset\flowers\rose\1788484468_f73afa6c32_n.jpg,2,rose
C:\Users\Ramzan\Documents\Self Supervised Learning\dataset\flowers\rose\8269247725_4b56cd860d_n.jpg,2,rose
C:\Users\Ramzan\Documents\Self Supervised Learning\dataset\flowers\rose\5694090698_1f0c218250_n.jpg,2,rose
C:\Users\Ramzan\Documents\Self Supervised Learning\dataset\flowers\rose\7285188160_49d84b95a3_m.jpg,2,rose
C:\Users\Ramzan\Documents\Self Supervised Learning\dataset\flowers\rose\3997609936_8db20b7141_n.jpg,2,rose
C:\Users\Ramzan\Documents\Self Supervised Learning\dataset\flowers\rose\21347496068_f4d3339607.jpg,2,rose
C:\Users\Ramzan\Documents\Self Supervised Learning\dataset\flowers\rose\15818051327_9a44bf6244_n.jpg,2,rose
C:\Users\Ramzan\Documents\Self Supervised Learning\dataset\flowers\rose\4065283966_9504b98269.jpg,2,rose
C:\Users\Ramzan\Documents\Self Supervised Learning\dataset\flowers\rose\515121050_dcb99890be.jpg,2,rose
C:\Users\Ramzan\Documents\Self Supervised Learning\dataset\flowers\rose\6409000675_6eb6806e59.jpg,2,rose
C:\Users\Ramzan\Documents\Self Supervised Learning\dataset\flowers\rose\14683774134_6367640585.jpg,2,rose
C:\Users\Ramzan\Documents\Self Supervised Learning\dataset\flowers\rose\14107161906_5737e0e4ec.jpg,2,rose
C:\Users\Ramzan\Documents\Self Supervised Learning\dataset\flowers\rose\15977362155_461030c196_m.jpg,2,rose
C:\Users\Ramzan\Documents\Self Supervised Learning\dataset\flowers\rose\5001857501_f8b1e3e987_n.jpg,2,rose
C:\Users\Ramzan\Documents\Self Supervised Learning\dataset\flowers\rose\4242976586_607a8f9843_n.jpg,2,rose
C:\Users\Ramzan\Documents\Self Supervised Learning\dataset\flowers\rose\5333437251_ce0aa6925d_n.jpg,2,rose
C:\Users\Ramzan\Documents\Self Supervised Learning\dataset\flowers\rose\16374919860_4e445de29f_n.jpg,2,rose
C:\Users\Ramzan\Documents\Self Supervised Learning\dataset\flowers\rose\4608559939_3487bf3b62_n.jpg,2,rose
C:\Users\Ramzan\Documents\Self Supervised Learning\dataset\flowers\rose\5415783734_b002ebce24_n.jpg,2,rose
C:\Users\Ramzan\Documents\Self Supervised Learning\dataset\flowers\sunflower\5339004958_a0a6f385fd_m.jpg,3,sunflower
C:\Users\Ramzan\Documents\Self Supervised Learning\dataset\flowers\sunflower\8292914969_4a76608250_m.jpg,3,sunflower
C:\Users\Ramzan\Documents\Self Supervised Learning\dataset\flowers\sunflower\34572755322_b43e90cae2_n.jpg,3,sunflower
C:\Users\Ramzan\Documents\Self Supervised Learning\dataset\flowers\sunflower\9216286162_6ceefdd1b4_m.jpg,3,sunflower
C:\Users\Ramzan\Documents\Self Supervised Learning\dataset\flowers\sunflower\5979111555_61b400c070_n.jpg,3,sunflower
C:\Users\Ramzan\Documents\Self Supervised Learning\dataset\flowers\sunflower\14741907467_fab96f3b2b_n.jpg,3,sunflower
C:\Users\Ramzan\Documents\Self Supervised Learning\dataset\flowers\sunflower\4902448474_6850b85765_n.jpg,3,sunflower
C:\Users\Ramzan\Documents\Self Supervised Learning\dataset\flowers\sunflower\6112510436_9fe06e695a_n.jpg,3,sunflower
C:\Users\Ramzan\Documents\Self Supervised Learning\dataset\flowers\sunflower\4932736136_0115955987.jpg,3,sunflower
C:\Users\Ramzan\Documents\Self Supervised Learning\dataset\flowers\sunflower\5970869550_d7d9fabebd_n.jpg,3,sunflower
C:\Users\Ramzan\Documents\Self Supervised Learning\dataset\flowers\sunflower\4869189730_f47c124cda_n.jpg,3,sunflower
C:\Users\Ramzan\Documents\Self Supervised Learning\dataset\flowers\sunflower\147804446_ef9244c8ce_m.jpg,3,sunflower
C:\Users\Ramzan\Documents\Self Supervised Learning\dataset\flowers\sunflower\8202034834_ee0ee91e04_n.jpg,3,sunflower
C:\Users\Ramzan\Documents\Self Supervised Learning\dataset\flowers\sunflower\6606743797_c90c669757.jpg,3,sunflower
C:\Users\Ramzan\Documents\Self Supervised Learning\dataset\flowers\sunflower\23286304156_3635f7de05.jpg,3,sunflower
C:\Users\Ramzan\Documents\Self Supervised Learning\dataset\flowers\sunflower\14144522269_bc20029375_m.jpg,3,sunflower
C:\Users\Ramzan\Documents\Self Supervised Learning\dataset\flowers\sunflower\14921668662_3ffc5b9db3_n.jpg,3,sunflower
C:\Users\Ramzan\Documents\Self Supervised Learning\dataset\flowers\sunflower\9246304620_768d1f54d7_n.jpg,3,sunflower
C:\Users\Ramzan\Documents\Self Supervised Learning\dataset\flowers\sunflower\19595718862_c68896370c_m.jpg,3,sunflower
C:\Users\Ramzan\Documents\Self Supervised Learning\dataset\flowers\sunflower\19442589512_e733cfea0f.jpg,3,sunflower
C:\Users\Ramzan\Documents\Self Supervised Learning\dataset\flowers\sunflower\6140892289_92805cc590.jpg,3,sunflower
C:\Users\Ramzan\Documents\Self Supervised Learning\dataset\flowers\sunflower\16832961488_5f7e70eb5e_n.jpg,3,sunflower
C:\Users\Ramzan\Documents\Self Supervised Learning\dataset\flowers\sunflower\5955501969_e42f038a6f_n.jpg,3,sunflower
C:\Users\Ramzan\Documents\Self Supervised Learning\dataset\flowers\sunflower\3514340206_efb8198a80_n.jpg,3,sunflower
C:\Users\Ramzan\Documents\Self Supervised Learning\dataset\flowers\sunflower\6113021380_7546bf7ac7_n.jpg,3,sunflower
C:\Users\Ramzan\Documents\Self Supervised Learning\dataset\flowers\sunflower\22183521655_56221bf2a4_n.jpg,3,sunflower
C:\Users\Ramzan\Documents\Self Supervised Learning\dataset\flowers\sunflower\5956626941_2885465093_n.jpg,3,sunflower
C:\Users\Ramzan\Documents\Self Supervised Learning\dataset\flowers\sunflower\7369484298_332f69bd88_n.jpg,3,sunflower
C:\Users\Ramzan\Documents\Self Supervised Learning\dataset\flowers\sunflower\4271193206_666ef60aa0_m.jpg,3,sunflower
C:\Users\Ramzan\Documents\Self Supervised Learning\dataset\flowers\sunflower\6606746467_a668c8d417.jpg,3,sunflower
C:\Users\Ramzan\Documents\Self Supervised Learning\dataset\flowers\sunflower\3568925290_faf7aec3a0.jpg,3,sunflower
C:\Users\Ramzan\Documents\Self Supervised Learning\dataset\flowers\sunflower\3893436870_034b79d118_n.jpg,3,sunflower
C:\Users\Ramzan\Documents\Self Supervised Learning\dataset\flowers\sunflower\7820523050_76c8caa025.jpg,3,sunflower
C:\Users\Ramzan\Documents\Self Supervised Learning\dataset\flowers\sunflower\1043442695_4556c4c13d_n.jpg,3,sunflower
C:\Users\Ramzan\Documents\Self Supervised Learning\dataset\flowers\sunflower\4664767140_fe01231322_n.jpg,3,sunflower
C:\Users\Ramzan\Documents\Self Supervised Learning\dataset\flowers\sunflower\215798354_429de28c2d.jpg,3,sunflower
C:\Users\Ramzan\Documents\Self Supervised Learning\dataset\flowers\sunflower\3154932290_4bf43bd34f_n.jpg,3,sunflower
C:\Users\Ramzan\Documents\Self Supervised Learning\dataset\flowers\sunflower\20022771089_3cc7e5086d_m.jpg,3,sunflower
C:\Users\Ramzan\Documents\Self Supervised Learning\dataset\flowers\sunflower\4160805260_cf758daeae_n.jpg,3,sunflower
C:\Users\Ramzan\Documents\Self Supervised Learning\dataset\flowers\sunflower\5028817729_f04d32bac8_n.jpg,3,sunflower
C:\Users\Ramzan\Documents\Self Supervised Learning\dataset\flowers\sunflower\151898652_b5f1c70b98_n.jpg,3,sunflower
C:\Users\Ramzan\Documents\Self Supervised Learning\dataset\flowers\sunflower\3848405800_8eea982c40.jpg,3,sunflower
C:\Users\Ramzan\Documents\Self Supervised Learning\dataset\flowers\sunflower\18237215308_a158d49f28_n.jpg,3,sunflower
C:\Users\Ramzan\Documents\Self Supervised Learning\dataset\flowers\sunflower\8481979626_98c9f88848_n.jpg,3,sunflower
C:\Users\Ramzan\Documents\Self Supervised Learning\dataset\flowers\sunflower\3888908087_462d0045f2_n.jpg,3,sunflower
C:\Users\Ramzan\Documents\Self Supervised Learning\dataset\flowers\sunflower\20905163782_312e2c3bda_n.jpg,3,sunflower
C:\Users\Ramzan\Documents\Self Supervised Learning\dataset\flowers\sunflower\14646279002_9cdf97be97_n.jpg,3,sunflower
C:\Users\Ramzan\Documents\Self Supervised Learning\dataset\flowers\sunflower\9738792160_00cbcc99c8_n.jpg,3,sunflower
C:\Users\Ramzan\Documents\Self Supervised Learning\dataset\flowers\sunflower\5223643767_d8beb7e410.jpg,3,sunflower
C:\Users\Ramzan\Documents\Self Supervised Learning\dataset\flowers\sunflower\4933229357_1c5cc03f65_m.jpg,3,sunflower
C:\Users\Ramzan\Documents\Self Supervised Learning\dataset\flowers\sunflower\6606820461_952c450f90_n.jpg,3,sunflower
C:\Users\Ramzan\Documents\Self Supervised Learning\dataset\flowers\sunflower\210076535_80951bc5d5.jpg,3,sunflower
C:\Users\Ramzan\Documents\Self Supervised Learning\dataset\flowers\sunflower\19504937128_a4ae90fcbd_m.jpg,3,sunflower
C:\Users\Ramzan\Documents\Self Supervised Learning\dataset\flowers\sunflower\9610373748_b9cb67bd55.jpg,3,sunflower
C:\Users\Ramzan\Documents\Self Supervised Learning\dataset\flowers\sunflower\20078409301_aa8061bd0b_n.jpg,3,sunflower
C:\Users\Ramzan\Documents\Self Supervised Learning\dataset\flowers\sunflower\5994572653_ea98afa3af_n.jpg,3,sunflower
C:\Users\Ramzan\Documents\Self Supervised Learning\dataset\flowers\sunflower\5933438461_7607cf06e2_n.jpg,3,sunflower
C:\Users\Ramzan\Documents\Self Supervised Learning\dataset\flowers\sunflower\2697194548_ec8f8de97c_n.jpg,3,sunflower
C:\Users\Ramzan\Documents\Self Supervised Learning\dataset\flowers\sunflower\10386503264_e05387e1f7_m.jpg,3,sunflower
C:\Users\Ramzan\Documents\Self Supervised Learning\dataset\flowers\sunflower\4755705724_976621a1e7.jpg,3,sunflower
C:\Users\Ramzan\Documents\Self Supervised Learning\dataset\flowers\sunflower\2927020075_54c9186797_n.jpg,3,sunflower
C:\Users\Ramzan\Documents\Self Supervised Learning\dataset\flowers\sunflower\15054865768_2cc87ac9d4_m.jpg,3,sunflower
C:\Users\Ramzan\Documents\Self Supervised Learning\dataset\flowers\sunflower\9610371852_179e7781ce.jpg,3,sunflower
C:\Users\Ramzan\Documents\Self Supervised Learning\dataset\flowers\sunflower\8071460469_a7c2c34b97_n.jpg,3,sunflower
C:\Users\Ramzan\Documents\Self Supervised Learning\dataset\flowers\sunflower\287233531_74d4605814_m.jpg,3,sunflower
C:\Users\Ramzan\Documents\Self Supervised Learning\dataset\flowers\sunflower\20258015499_93b9951800_m.jpg,3,sunflower
C:\Users\Ramzan\Documents\Self Supervised Learning\dataset\flowers\sunflower\29972905_4cc537ff4b_n.jpg,3,sunflower
C:\Users\Ramzan\Documents\Self Supervised Learning\dataset\flowers\tulip\16755090222_d6797d51db_n.jpg,4,tulip
C:\Users\Ramzan\Documents\Self Supervised Learning\dataset\flowers\tulip\20133942640_0f4442b858_n.jpg,4,tulip
C:\Users\Ramzan\Documents\Self Supervised Learning\dataset\flowers\tulip\5430796647_f21b7b0fea.jpg,4,tulip
C:\Users\Ramzan\Documents\Self Supervised Learning\dataset\flowers\tulip\8585103457_d64697c3cf_n.jpg,4,tulip
C:\Users\Ramzan\Documents\Self Supervised Learning\dataset\flowers\tulip\13903988248_22da33f341.jpg,4,tulip
C:\Users\Ramzan\Documents\Self Supervised Learning\dataset\flowers\tulip\17167151059_a53bfe0b02.jpg,4,tulip
C:\Users\Ramzan\Documents\Self Supervised Learning\dataset\flowers\tulip\16702188449_3dacce90b2_m.jpg,4,tulip
C:\Users\Ramzan\Documents\Self Supervised Learning\dataset\flowers\tulip\6994351792_343e18cbf6_n.jpg,4,tulip
C:\Users\Ramzan\Documents\Self Supervised Learning\dataset\flowers\tulip\38287568_627de6ca20.jpg,4,tulip
C:\Users\Ramzan\Documents\Self Supervised Learning\dataset\flowers\tulip\5717951871_4af1b319eb_n.jpg,4,tulip
C:\Users\Ramzan\Documents\Self Supervised Learning\dataset\flowers\tulip\8628453641_6f87755815_m.jpg,4,tulip
C:\Users\Ramzan\Documents\Self Supervised Learning\dataset\flowers\tulip\8601596054_33e40c2a7a.jpg,4,tulip
C:\Users\Ramzan\Documents\Self Supervised Learning\dataset\flowers\tulip\3909355648_42cb3a5e09_n.jpg,4,tulip
C:\Users\Ramzan\Documents\Self Supervised Learning\dataset\flowers\tulip\14057246122_8598b665bd.jpg,4,tulip
C:\Users\Ramzan\Documents\Self Supervised Learning\dataset\flowers\tulip\130685040_3c2fcec63e_n.jpg,4,tulip
C:\Users\Ramzan\Documents\Self Supervised Learning\dataset\flowers\tulip\14027372499_30f934d24f_m.jpg,4,tulip
C:\Users\Ramzan\Documents\Self Supervised Learning\dataset\flowers\tulip\14090534565_5857ce4b7c_n.jpg,4,tulip
C:\Users\Ramzan\Documents\Self Supervised Learning\dataset\flowers\tulip\7342871880_c17fe0eb4f_m.jpg,4,tulip
C:\Users\Ramzan\Documents\Self Supervised Learning\dataset\flowers\tulip\8759594528_2534c0ec65_n.jpg,4,tulip
C:\Users\Ramzan\Documents\Self Supervised Learning\dataset\flowers\tulip\14087792403_f34f37ba3b_m.jpg,4,tulip
C:\Users\Ramzan\Documents\Self Supervised Learning\dataset\flowers\tulip\15458787091_3edc6cd1eb.jpg,4,tulip
C:\Users\Ramzan\Documents\Self Supervised Learning\dataset\flowers\tulip\8585102913_d80d3e2ff7_n.jpg,4,tulip
C:\Users\Ramzan\Documents\Self Supervised Learning\dataset\flowers\tulip\26685648806_c76dd583b9_n.jpg,4,tulip
C:\Users\Ramzan\Documents\Self Supervised Learning\dataset\flowers\tulip\14009216519_b608321cf2_n.jpg,4,tulip
C:\Users\Ramzan\Documents\Self Supervised Learning\dataset\flowers\tulip\32465197894_71dde519ae_n.jpg,4,tulip
C:\Users\Ramzan\Documents\Self Supervised Learning\dataset\flowers\tulip\12584810723_c97d00fcfd.jpg,4,tulip
C:\Users\Ramzan\Documents\Self Supervised Learning\dataset\flowers\tulip\14069842098_7a7bd956bf_n.jpg,4,tulip
C:\Users\Ramzan\Documents\Self Supervised Learning\dataset\flowers\tulip\2430566689_8543552f9b.jpg,4,tulip
C:\Users\Ramzan\Documents\Self Supervised Learning\dataset\flowers\tulip\4553203984_9cb9312240_n.jpg,4,tulip
C:\Users\Ramzan\Documents\Self Supervised Learning\dataset\flowers\tulip\5718512292_aa50a9a473_n.jpg,4,tulip
C:\Users\Ramzan\Documents\Self Supervised Learning\dataset\flowers\tulip\3449794006_8c289840aa.jpg,4,tulip
C:\Users\Ramzan\Documents\Self Supervised Learning\dataset\flowers\tulip\3991742794_edebc6c8a0_n.jpg,4,tulip
C:\Users\Ramzan\Documents\Self Supervised Learning\dataset\flowers\tulip\134143359_71fa8dd9a4.jpg,4,tulip
C:\Users\Ramzan\Documents\Self Supervised Learning\dataset\flowers\tulip\11614202956_1dcf1c96a1.jpg,4,tulip
C:\Users\Ramzan\Documents\Self Supervised Learning\dataset\flowers\tulip\6187740107_9813ccc41e.jpg,4,tulip
C:\Users\Ramzan\Documents\Self Supervised Learning\dataset\flowers\tulip\8686013485_3c4dfbfd1f_n.jpg,4,tulip
C:\Users\Ramzan\Documents\Self Supervised Learning\dataset\flowers\tulip\3430229687_32645b5738.jpg,4,tulip
C:\Users\Ramzan\Documents\Self Supervised Learning\dataset\flowers\tulip\13954659583_03981dea99_n.jpg,4,tulip
C:\Users\Ramzan\Documents\Self Supervised Learning\dataset\flowers\tulip\7166567320_0a2beb6d42.jpg,4,tulip
C:\Users\Ramzan\Documents\Self Supervised Learning\dataset\flowers\tulip\4516198427_0e5099cd8e.jpg,4,tulip
C:\Users\Ramzan\Documents\Self Supervised Learning\dataset\flowers\tulip\21091503556_8b46da140e_n.jpg,4,tulip
C:\Users\Ramzan\Documents\Self Supervised Learning\dataset\flowers\tulip\8759601388_36e2a50d98_n.jpg,4,tulip
C:\Users\Ramzan\Documents\Self Supervised Learning\dataset\flowers\tulip\16680930777_7e7f292fc5_n.jpg,4,tulip
C:\Users\Ramzan\Documents\Self Supervised Learning\dataset\flowers\tulip\16471277547_a0a5509377_n.jpg,4,tulip
C:\Users\Ramzan\Documents\Self Supervised Learning\dataset\flowers\tulip\8697784345_e75913d220.jpg,4,tulip
C:\Users\Ramzan\Documents\Self Supervised Learning\dataset\flowers\tulip\7166546934_c97b08c9d9_n.jpg,4,tulip
C:\Users\Ramzan\Documents\Self Supervised Learning\dataset\flowers\tulip\8586205168_8294e67195_n.jpg,4,tulip
C:\Users\Ramzan\Documents\Self Supervised Learning\dataset\flowers\tulip\20535484712_8fc5c2a4e8_n.jpg,4,tulip
C:\Users\Ramzan\Documents\Self Supervised Learning\dataset\flowers\tulip\14026857634_500d7b41d6_m.jpg,4,tulip
C:\Users\Ramzan\Documents\Self Supervised Learning\dataset\flowers\tulip\155097272_70feb13184.jpg,4,tulip
C:\Users\Ramzan\Documents\Self Supervised Learning\dataset\flowers\tulip\6958243974_8851425ddb_n.jpg,4,tulip
C:\Users\Ramzan\Documents\Self Supervised Learning\dataset\flowers\tulip\14266093711_66d18a1e44_n.jpg,4,tulip
C:\Users\Ramzan\Documents\Self Supervised Learning\dataset\flowers\tulip\14061132852_89122de5f9_n.jpg,4,tulip
C:\Users\Ramzan\Documents\Self Supervised Learning\dataset\flowers\tulip\17104364030_ee31ee279b_n.jpg,4,tulip
C:\Users\Ramzan\Documents\Self Supervised Learning\dataset\flowers\tulip\14093907931_dd8f642574.jpg,4,tulip
C:\Users\Ramzan\Documents\Self Supervised Learning\dataset\flowers\tulip\15632065904_0d9caf174b.jpg,4,tulip
C:\Users\Ramzan\Documents\Self Supervised Learning\dataset\flowers\tulip\2447151631_7551e6377b_n.jpg,4,tulip
C:\Users\Ramzan\Documents\Self Supervised Learning\dataset\flowers\tulip\13956300996_07e64a3dbd_n.jpg,4,tulip
C:\Users\Ramzan\Documents\Self Supervised Learning\dataset\flowers\tulip\4520582070_d14a14f038.jpg,4,tulip
C:\Users\Ramzan\Documents\Self Supervised Learning\dataset\flowers\tulip\4624404489_11e10fcd33_n.jpg,4,tulip
C:\Users\Ramzan\Documents\Self Supervised Learning\dataset\flowers\tulip\3506615859_9850830cf0.jpg,4,tulip
C:\Users\Ramzan\Documents\Self Supervised Learning\dataset\flowers\tulip\5574219476_1f46775487_n.jpg,4,tulip
C:\Users\Ramzan\Documents\Self Supervised Learning\dataset\flowers\tulip\13923036338_1ce32c6d4f.jpg,4,tulip
C:\Users\Ramzan\Documents\Self Supervised Learning\dataset\flowers\tulip\5811004432_266f0f0c6f.jpg,4,tulip
C:\Users\Ramzan\Documents\Self Supervised Learning\dataset\flowers\tulip\6227136437_6117068599_m.jpg,4,tulip
C:\Users\Ramzan\Documents\Self Supervised Learning\dataset\flowers\tulip\6970683464_f70838ca3a_n.jpg,4,tulip
C:\Users\Ramzan\Documents\Self Supervised Learning\dataset\flowers\tulip\21091489585_0dcb89e65e_n.jpg,4,tulip
C:\Users\Ramzan\Documents\Self Supervised Learning\dataset\flowers\tulip\13539827514_79b60b6c22_n.jpg,4,tulip
C:\Users\Ramzan\Documents\Self Supervised Learning\dataset\flowers\tulip\7166606598_5d2cd307c3_n.jpg,4,tulip
C:\Users\Ramzan\Documents\Self Supervised Learning\dataset\flowers\tulip\8511683706_4173683d45_m.jpg,4,tulip
C:\Users\Ramzan\Documents\Self Supervised Learning\dataset\flowers\tulip\5717951663_048431c2e6_n.jpg,4,tulip
C:\Users\Ramzan\Documents\Self Supervised Learning\dataset\flowers\tulip\4550278535_dfdf7b74ef.jpg,4,tulip
C:\Users\Ramzan\Documents\Self Supervised Learning\dataset\flowers\tulip\19317019453_8b24740faf_n.jpg,4,tulip
C:\Users\Ramzan\Documents\Self Supervised Learning\dataset\flowers\tulip\18406629611_4d1edcf23b_n.jpg,4,tulip
C:\Users\Ramzan\Documents\Self Supervised Learning\dataset\flowers\tulip\12517756805_56b74be742.jpg,4,tulip
C:\Users\Ramzan\Documents\Self Supervised Learning\dataset\flowers\tulip\7166550328_de0d73cfa9_n.jpg,4,tulip
C:\Users\Ramzan\Documents\Self Supervised Learning\dataset\flowers\tulip\7166567320_0a2beb6d42_n.jpg,4,tulip
C:\Users\Ramzan\Documents\Self Supervised Learning\dataset\flowers\tulip\7166558370_f7f68983ea_n.jpg,4,tulip
C:\Users\Ramzan\Documents\Self Supervised Learning\dataset\flowers\tulip\17146928665_600fa3a1f1_n.jpg,4,tulip
C:\Users\Ramzan\Documents\Self Supervised Learning\dataset\flowers\tulip\3502615974_ef4bd13202_n.jpg,4,tulip
C:\Users\Ramzan\Documents\Self Supervised Learning\dataset\flowers\tulip\112428919_f0c5ad7d9d_n.jpg,4,tulip
C:\Users\Ramzan\Documents\Self Supervised Learning\dataset\flowers\tulip\8572847041_d0cc07861f_n.jpg,4,tulip
C:\Users\Ramzan\Documents\Self Supervised Learning\dataset\flowers\tulip\16702117379_c25bff70e9.jpg,4,tulip
C:\Users\Ramzan\Documents\Self Supervised Learning\dataset\flowers\tulip\110147301_ad921e2828.jpg,4,tulip
C:\Users\Ramzan\Documents\Self Supervised Learning\dataset\flowers\tulip\5637140035_e6c5514f54.jpg,4,tulip
C:\Users\Ramzan\Documents\Self Supervised Learning\dataset\flowers\tulip\19922971178_a71078f2ed_n.jpg,4,tulip
C:\Users\Ramzan\Documents\Self Supervised Learning\dataset\flowers\tulip\7166591854_93c0dd6f8d_n.jpg,4,tulip
C:\Users\Ramzan\Documents\Self Supervised Learning\dataset\flowers\tulip\20340696625_4095592e55_n.jpg,4,tulip
C:\Users\Ramzan\Documents\Self Supervised Learning\dataset\flowers\tulip\17291930305_79deae6a90_n.jpg,4,tulip
C:\Users\Ramzan\Documents\Self Supervised Learning\dataset\flowers\tulip\8454707381_453b4862eb_m.jpg,4,tulip
C:\Users\Ramzan\Documents\Self Supervised Learning\dataset\flowers\tulip\17734051745_9382a7bcba_n.jpg,4,tulip
C:\Users\Ramzan\Documents\Self Supervised Learning\dataset\flowers\tulip\5552198702_35856ed8ec.jpg,4,tulip
